{"amplitude": 0.5997572431867242, "period": 47.99523760799603, "phase": 0.0018439869486845412, "offset": 0.7507045312024443}